documentId;type;title;subtitle;tags;curator;spaceType;imageCount;imageURL1;imageURL2;imageURL3;imageURL4;imageURL5;notes
txgvo3d51wyn1gser49x0jsz;item;Arte Antwerp;"Local streetwear label founded in 2009; hip-hop influence.";branded, graphic-print, youthful, local-designer, kammenstraat;Lexx;boutique;0;https://images.pexels.com/photos/4903412/pexels-photo-4903412.jpeg;https://images.pexels.com/photos/5698847/pexels-photo-5698847.jpeg;https://images.pexels.com/photos/5698862/pexels-photo-5698862.jpeg;;;Needs at least 3 images (fill imageURL1-3).
bnqxxa7catxe8l7kna5drmjf;item;Arte Logo Hoodie;Heavy cotton hoodie with the Arte print.;branded, graphic-print, sportswear;Lexx;;0;https://images.unsplash.com/photo-1771950014791-9a9771724369?q=80&w=987&auto=format&fit=crop&ixlib=rb-4.1.0&ixid=M3wxMjA3fDB8MHxwaG90by1wYWdlfHx8fGVufDB8fHx8fA%3D%3D;https://images.unsplash.com/photo-1771950049714-f8a418e9dc33?q=80&w=987&auto=format&fit=crop&ixlib=rb-4.1.0&ixid=M3wxMjA3fDB8MHxwaG90by1wYWdlfHx8fGVufDB8fHx8fA%3D%3D;https://images.unsplash.com/photo-1771950069047-ceede235d4fc?q=80&w=957&auto=format&fit=crop&ixlib=rb-4.1.0&ixid=M3wxMjA3fDB8MHxwaG90by1wYWdlfHx8fGVufDB8fHx8fA%3D%3D;;;Needs at least 3 images (fill imageURL1-3).
qmupxc86c162d2wfat412y3o;item;Avenue;"Sneaker store since 2007; limited-edition releases.";sportswear, branded, youthful, kammenstraat;Lexx;sneaker_store;0;https://images.pexels.com/photos/19294576/pexels-photo-19294576.jpeg;https://images.pexels.com/photos/7543640/pexels-photo-7543640.jpeg;https://images.pexels.com/photos/7776172/pexels-photo-7776172.jpeg;;;Needs at least 3 images (fill imageURL1-3).
nc5e841o2w1ifam3ctwk10nz;item;Drip Drops;"Exclusive sneaker pairs; grew from a webshop.";sportswear, branded, youthful, kammenstraat;Lexx;sneaker_store;0;https://images.pexels.com/photos/4914808/pexels-photo-4914808.jpeg;https://images.pexels.com/photos/4914807/pexels-photo-4914807.jpeg;https://images.pexels.com/photos/4914811/pexels-photo-4914811.jpeg;;;Needs at least 3 images (fill imageURL1-3).
ahmszf9uc00ze36rbrjoay9h;item;Faded band tee;;80s, 90s, vintage;Lexx;;0;https://images.unsplash.com/photo-1629253463418-d13efa2256de?q=80&w=1364&auto=format&fit=crop&ixlib=rb-4.1.0&ixid=M3wxMjA3fDB8MHxwaG90by1wYWdlfHx8fGVufDB8fHx8fA%3D%3D;https://images.unsplash.com/photo-1629253067666-5e761baf514a?q=80&w=1364&auto=format&fit=crop&ixlib=rb-4.1.0&ixid=M3wxMjA3fDB8MHxwaG90by1wYWdlfHx8fGVufDB8fHx8fA%3D%3D;https://images.unsplash.com/photo-1629253023149-b520b2a6f342?q=80&w=1364&auto=format&fit=crop&ixlib=rb-4.1.0&ixid=M3wxMjA3fDB8MHxwaG90by1wYWdlfHx8fGVufDB8fHx8fA%3D%3D;;;Needs at least 3 images (fill imageURL1-3).
g8q4xfejalge5jqpyzt5ffrb;item;LUX;Basketball and sneaker culture.;sportswear, branded, youthful, kammenstraat;Lexx;sneaker_store;0;https://images.pexels.com/photos/37571040/pexels-photo-37571040.jpeg;https://images.pexels.com/photos/5698848/pexels-photo-5698848.jpeg;https://images.unsplash.com/photo-1773355579207-4bc7a0915e74?q=80&w=2340&auto=format&fit=crop&ixlib=rb-4.1.0&ixid=M3wxMjA3fDB8MHxwaG90by1wYWdlfHx8fGVufDB8fHx8fA%3D%3D;;;Needs at least 3 images (fill imageURL1-3).
yf8nbpbk0dlysleyjv1cpk1q;item;Monar;Sneakers, footwear and streetwear.;sportswear, branded, kammenstraat;Lexx;sneaker_store;0;https://images.unsplash.com/photo-1625698311031-f0dd15be5144?q=80&w=987&auto=format&fit=crop&ixlib=rb-4.1.0&ixid=M3wxMjA3fDB8MHxwaG90by1wYWdlfHx8fGVufDB8fHx8fA%3D%3D;https://images.unsplash.com/photo-1708088641654-d096243830c1?q=80&w=988&auto=format&fit=crop&ixlib=rb-4.1.0&ixid=M3wxMjA3fDB8MHxwaG90by1wYWdlfHx8fGVufDB8fHx8fA%3D%3D;https://plus.unsplash.com/premium_photo-1698939463612-952c3a7582b2?q=80&w=2340&auto=format&fit=crop&ixlib=rb-4.1.0&ixid=M3wxMjA3fDB8MHxwaG90by1wYWdlfHx8fGVufDB8fHx8fA%3D%3D;;;Needs at least 3 images (fill imageURL1-3).
f3rwd2rf3wdu7ui74cn9zwnv;item;Skate Graphic Tee;Oversized tee with an in-house skate graphic.;sportswear, branded, edgy;Lexx;;0;https://images.unsplash.com/photo-1763403170535-5424c3ec9547?q=80&w=987&auto=format&fit=crop&ixlib=rb-4.1.0&ixid=M3wxMjA3fDB8MHxwaG90by1wYWdlfHx8fGVufDB8fHx8fA%3D%3D;https://images.unsplash.com/photo-1763403170551-4b0882d40294?q=80&w=987&auto=format&fit=crop&ixlib=rb-4.1.0&ixid=M3wxMjA3fDB8MHxwaG90by1wYWdlfHx8fGVufDB8fHx8fA%3D%3D;https://images.unsplash.com/photo-1763403255616-201d3699d8d6?q=80&w=987&auto=format&fit=crop&ixlib=rb-4.1.0&ixid=M3wxMjA3fDB8MHxwaG90by1wYWdlfHx8fGVufDB8fHx8fA%3D%3D;;;Needs at least 3 images (fill imageURL1-3).
c4vq41gq2wo4zqiuz1lkukqu;item;Studded leather belt;;90s, vintage;Lexx;;0;https://images.unsplash.com/photo-1765152334063-0914acab7155?q=80&w=1364&auto=format&fit=crop&ixlib=rb-4.1.0&ixid=M3wxMjA3fDB8MHxwaG90by1wYWdlfHx8fGVufDB8fHx8fA%3D%3D;https://images.unsplash.com/photo-1765152333193-3db3c6874bf2?q=80&w=987&auto=format&fit=crop&ixlib=rb-4.1.0&ixid=M3wxMjA3fDB8MHxwaG90by1wYWdlfHx8fGVufDB8fHx8fA%3D%3D;https://images.unsplash.com/photo-1765152333316-317375dc220b?q=80&w=1364&auto=format&fit=crop&ixlib=rb-4.1.0&ixid=M3wxMjA3fDB8MHxwaG90by1wYWdlfHx8fGVufDB8fHx8fA%3D%3D;;;Needs at least 3 images (fill imageURL1-3).
eh1zry9xxznzrukdkfs6tczp;item;VIER;Streetwear and skate brands plus an in-house label.;sportswear, branded, edgy, local-designer, kammenstraat;Lexx;boutique;0;https://images.pexels.com/photos/7679667/pexels-photo-7679667.jpeg;https://images.pexels.com/photos/7679789/pexels-photo-7679789.jpeg;https://images.pexels.com/photos/8633763/pexels-photo-8633763.jpeg;;;Needs at least 3 images (fill imageURL1-3).
e516kuhpg2uikvgknzchr7iv;vibe;Coffee & Vinyl;;pulse;Lexx;;0;;;;;;Optional for now (vibe) - team to decide treatment.
winxvsthgamn2gcv91ire2rz;vibe;Streetwear;Oversized, branded, hip-hop-rooted street style.;sportswear, branded, graphic-print, youthful, kammenstraat;Lexx;;0;;;;;;Optional for now (vibe) - team to decide treatment.
v95onmt9vby21q9rquyax6gn;item;Cowboy boots;;vintage;Maaike V.;;0;https://images.unsplash.com/photo-1726259794537-4771f549a931?q=80&w=1008&auto=format&fit=crop&ixlib=rb-4.1.0&ixid=M3wxMjA3fDB8MHxwaG90by1wYWdlfHx8fGVufDB8fHx8fA%3D%3D;https://images.unsplash.com/photo-1726259794584-2a80dab61dd8?q=80&w=1321&auto=format&fit=crop&ixlib=rb-4.1.0&ixid=M3wxMjA3fDB8MHxwaG90by1wYWdlfHx8fGVufDB8fHx8fA%3D%3D;https://images.unsplash.com/photo-1652025106157-c60daa36274b?q=80&w=987&auto=format&fit=crop&ixlib=rb-4.1.0&ixid=M3wxMjA3fDB8MHxwaG90by1wYWdlfHx8fGVufDB8fHx8fA%3D%3D;;;Needs at least 3 images (fill imageURL1-3).
xsezbz89746r7ti19gdb2ggx;item;De Kringwinkel;Flemish charity thrift chain.;second-hand, sustainable, borgerhout;Maaike V.;thrift_store;0;https://images.pexels.com/photos/6068971/pexels-photo-6068971.jpeg;https://images.pexels.com/photos/6069531/pexels-photo-6069531.jpeg;https://images.pexels.com/photos/6069544/pexels-photo-6069544.jpeg;;;Needs at least 3 images (fill imageURL1-3).
x5ia29fe3uf0py1vk7ew4jhc;item;Harvest Club;Fair fashion for the whole family.;fair-trade, sustainable, neutral-palette;Maaike V.;concept_store;0;https://images.pexels.com/photos/17293347/pexels-photo-17293347.jpeg;https://images.pexels.com/photos/17293347/pexels-photo-17293347.jpeg;https://images.pexels.com/photos/17293343/pexels-photo-17293343.jpeg;;;Needs at least 3 images (fill imageURL1-3).
z2uxkf8fx3zxxw36ty26lu59;item;HOST;Sustainable clothing with a café.;sustainable, slow-fashion, playful;Maaike V.;concept_store;0;https://images.pexels.com/photos/32432713/pexels-photo-32432713.jpeg;https://images.pexels.com/photos/35717265/pexels-photo-35717265.jpeg;https://images.pexels.com/photos/20442908/pexels-photo-20442908.jpeg;;;Needs at least 3 images (fill imageURL1-3).
ucovkubrb3jqqeqt4pci9ziq;item;Kloosterstraat;;style, vintage;Maaike V.;;0;https://images.pexels.com/photos/10392219/pexels-photo-10392219.jpeg;https://images.pexels.com/photos/34355227/pexels-photo-34355227.jpeg;https://images.pexels.com/photos/10732081/pexels-photo-10732081.jpeg;;;Needs at least 3 images (fill imageURL1-3).
wwbahtoi6uetnt174uqewn9d;item;Organic Cotton Knit;Soft knit jumper in undyed organic cotton.;sustainable, natural-fabric, slow-fashion;Maaike V.;;0;https://images.unsplash.com/photo-1687275161342-8699c61e4364?q=80&w=1364&auto=format&fit=crop&ixlib=rb-4.1.0&ixid=M3wxMjA3fDB8MHxwaG90by1wYWdlfHx8fGVufDB8fHx8fA%3D%3D;https://images.unsplash.com/photo-1687275156547-757f1dd31d17?q=80&w=1364&auto=format&fit=crop&ixlib=rb-4.1.0&ixid=M3wxMjA3fDB8MHxwaG90by1wYWdlfHx8fGVufDB8fHx8fA%3D%3D;https://images.unsplash.com/photo-1687275155477-b19c176ce9d8?q=80&w=1364&auto=format&fit=crop&ixlib=rb-4.1.0&ixid=M3wxMjA3fDB8MHxwaG90by1wYWdlfHx8fGVufDB8fHx8fA%3D%3D;;;Needs at least 3 images (fill imageURL1-3).
ep6zps9fndvka18c1tx8piqm;item;Oxfam;Charity second-hand shop.;second-hand, fair-trade;Maaike V.;thrift_store;0; https://images.unsplash.com/photo-1731341869962-9967546259af?q=80&w=987&auto=format&fit=crop&ixlib=rb-4.1.0&ixid=M3wxMjA3fDB8MHxwaG90by1wYWdlfHx8fGVufDB8fHx8fA%3D%3D;https://images.unsplash.com/photo-1714583353759-ac534aae73ce?q=80&w=987&auto=format&fit=crop&ixlib=rb-4.1.0&ixid=M3wxMjA3fDB8MHxwaG90by1wYWdlfHx8fGVufDB8fHx8fA%3D%3D;https://images.unsplash.com/photo-1637228393246-c38a4b3d2011?q=80&w=2340&auto=format&fit=crop&ixlib=rb-4.1.0&ixid=M3wxMjA3fDB8MHxwaG90by1wYWdlfHx8fGVufDB8fHx8fA%3D%3D;;;Needs at least 3 images (fill imageURL1-3).
lvdeigw35uumnh4pt62kt4p7;item;Pleated midi skirt;;y2k, vintage;Maaike V.;;0;https://images.pexels.com/photos/8217267/pexels-photo-8217267.jpeg;https://images.pexels.com/photos/8217158/pexels-photo-8217158.jpeg;https://images.pexels.com/photos/8217272/pexels-photo-8217272.jpeg;;;Needs at least 3 images (fill imageURL1-3).
i50ifvymuirgktok11luztjt;item;Supergoods;"Eco and fair concept store; certified, made in Europe.";sustainable, fair-trade, slow-fashion, natural-fabric, kloosterstraat;Maaike V.;concept_store;0;https://images.pexels.com/photos/8306384/pexels-photo-8306384.jpeg;https://images.pexels.com/photos/8306369/pexels-photo-8306369.jpeg;https://images.pexels.com/photos/8306361/pexels-photo-8306361.jpeg;;;Needs at least 3 images (fill imageURL1-3).
s5dvghcioo2w6uwkonoboewl;vibe;Conscious Slow Fashion;Ethical, durable, quiet design.;sustainable, fair-trade, slow-fashion, natural-fabric, kloosterstraat;Maaike V.;;0;;;;;;Optional for now (vibe) - team to decide treatment.
kkv679mz5wgb2m9hhlh1xw77;item;Dries Van Noten – Het Modepaleis;"Flagship of the print and textile master; an 1881 landmark.";print-heavy, embroidered, mixed-pattern, antwerp-six, belgian-fashion, nationalestraat;Noor B.;boutique;0;https://images.pexels.com/photos/35045845/pexels-photo-35045845.jpeg;https://images.pexels.com/photos/35045844/pexels-photo-35045844.jpeg;https://images.pexels.com/photos/34368419/pexels-photo-34368419.jpeg;;;Needs at least 3 images (fill imageURL1-3).
rta5cb0xji1zq12xivr6o00u;item;Graanmarkt 13;Concept store, restaurant and apartment in one.;refined, minimalist, local-designer, het-zuid;Noor B.;concept_store;0;https://images.pexels.com/photos/5424922/pexels-photo-5424922.jpeg;https://images.pexels.com/photos/5424903/pexels-photo-5424903.jpeg;https://images.pexels.com/photos/5424945/pexels-photo-5424945.jpeg;;;Needs at least 3 images (fill imageURL1-3).
ke8d1bd89adidciai3bwd8ww;item;La Collection;Art, literature and vintage furnishings with ready-to-wear.;refined, mixed-pattern, local-designer, het-zuid;Noor B.;concept_store;0;https://images.pexels.com/photos/32108850/pexels-photo-32108850.jpeg;https://images.pexels.com/photos/19938757/pexels-photo-19938757.jpeg;https://images.pexels.com/photos/20543563/pexels-photo-20543563.jpeg;;;Needs at least 3 images (fill imageURL1-3).
ws6p9yhekqp7a5stj1atbe7v;item;Stephan Schneider;Minimalist, wearable, high-quality fabrics.;minimalist, neutral-palette, belgian-fashion, nationalestraat;Noor B.;boutique;0;https://images.pexels.com/photos/31318440/pexels-photo-31318440.jpeg;https://images.pexels.com/photos/31318437/pexels-photo-31318437.jpeg;https://images.pexels.com/photos/37549254/pexels-photo-37549254.jpeg;;;Needs at least 3 images (fill imageURL1-3).
nknvcg3bvqodg8kmih3q4pmc;item;Thomas Haarmann;Studio mixing design objects and vintage finds.;handmade, refined, het-zuid;Noor B.;atelier;0;https://images.unsplash.com/photo-1752354683215-2e73a8655b74?q=80&w=2012&auto=format&fit=crop&ixlib=rb-4.1.0&ixid=M3wxMjA3fDB8MHxwaG90by1wYWdlfHx8fGVufDB8fHx8fA%3D%3D;https://images.unsplash.com/photo-1754923780529-f98eb8f05df3?q=80&w=3204&auto=format&fit=crop&ixlib=rb-4.1.0&ixid=M3wxMjA3fDB8MHxwaG90by1wYWdlfHx8fGVufDB8fHx8fA%3D%3D;https://images.unsplash.com/photo-1779591211924-c98e0d7a1125?q=80&w=2340&auto=format&fit=crop&ixlib=rb-4.1.0&ixid=M3wxMjA3fDB8MHxwaG90by1wYWdlfHx8fGVufDB8fHx8fA%3D%3D;;;Needs at least 3 images (fill imageURL1-3).
ti637vyqicce64cqa42wrimg;vibe;Eclectic & Print-Driven;Layered prints, rich colour, craft and pattern.;print-heavy, embroidered, mixed-pattern, refined, nationalestraat;Noor B.;;0;;;;;;Optional for now (vibe) - team to decide treatment.
jvao4e6ed31q5lnl0gh4b5jz;item;Episode;"Everyday vintage organised by era; denim and leather.";90s, y2k, upcycled, retro, nationalestraat;Senne V.;vintage_store;0;https://images.unsplash.com/photo-1768145488790-185e20abfd08?q=80&w=2340&auto=format&fit=crop&ixlib=rb-4.1.0&ixid=M3wxMjA3fDB8MHxwaG90by1wYWdlfHx8fGVufDB8fHx8fA%3D%3D;https://plus.unsplash.com/premium_photo-1701102864000-9d8bfd0f2fdc?q=80&w=2342&auto=format&fit=crop&ixlib=rb-4.1.0&ixid=M3wxMjA3fDB8MHxwaG90by1wYWdlfHx8fGVufDB8fHx8fA%3D%3D;https://plus.unsplash.com/premium_photo-1701102863975-bee7045019e8?q=80&w=2342&auto=format&fit=crop&ixlib=rb-4.1.0&ixid=M3wxMjA3fDB8MHxwaG90by1wYWdlfHx8fGVufDB8fHx8fA%3D%3D;;;Needs at least 3 images (fill imageURL1-3).
n649pu6ys5qs3vzdffwl4si2;item;Jutka & Riska;Vintage, customised pieces and young designers.;retro, upcycled, playful, local-designer, nationalestraat;Senne V.;vintage_store;0;https://images.unsplash.com/photo-1464890100898-a385f744067f?q=80&w=2340&auto=format&fit=crop&ixlib=rb-4.1.0&ixid=M3wxMjA3fDB8MHxwaG90by1wYWdlfHx8fGVufDB8fHx8fA%3D%3D;https://images.unsplash.com/photo-1643222611079-12b49c31a1de?q=80&w=2342&auto=format&fit=crop&ixlib=rb-4.1.0&ixid=M3wxMjA3fDB8MHxwaG90by1wYWdlfHx8fGVufDB8fHx8fA%3D%3D;https://images.unsplash.com/photo-1717201395289-03e4700ca8b6?q=80&w=1365&auto=format&fit=crop&ixlib=rb-4.1.0&ixid=M3wxMjA3fDB8MHxwaG90by1wYWdlfHx8fGVufDB8fHx8fA%3D%3D;;;Needs at least 3 images (fill imageURL1-3).
dw0mbhuweoucu97cwvze7n6l;item;Labellov;"Designer vintage; webshop and by-appointment.";archive, refined, second-hand;Senne V.;vintage_store;0;https://images.pexels.com/photos/5531709/pexels-photo-5531709.jpeg;https://images.pexels.com/photos/5864244/pexels-photo-5864244.jpeg;https://images.pexels.com/photos/5531708/pexels-photo-5531708.jpeg;;;Needs at least 3 images (fill imageURL1-3).
agcdo4p3jox7aro45baa1rv8;item;Retro Denim Jacket;Washed 90s-style denim jacket.;second-hand, 90s, retro;Senne V.;;0;https://images.unsplash.com/photo-1612654442146-84f661a0bc25?q=80&w=927&auto=format&fit=crop&ixlib=rb-4.1.0&ixid=M3wxMjA3fDB8MHxwaG90by1wYWdlfHx8fGVufDB8fHx8fA%3D%3D;https://images.unsplash.com/photo-1721029194752-42ea404eee8a?q=80&w=927&auto=format&fit=crop&ixlib=rb-4.1.0&ixid=M3wxMjA3fDB8MHxwaG90by1wYWdlfHx8fGVufDB8fHx8fA%3D%3D;https://images.unsplash.com/photo-1721029194707-07589dacf836?q=80&w=1976&auto=format&fit=crop&ixlib=rb-4.1.0&ixid=M3wxMjA3fDB8MHxwaG90by1wYWdlfHx8fGVufDB8fHx8fA%3D%3D;;;Needs at least 3 images (fill imageURL1-3).
htzhkqpfl4hrl62eg9d7aduc;item;Rosier 41;High-end designer second-hand.;archive, refined, second-hand, het-zuid;Senne V.;vintage_store;0;https://images.pexels.com/photos/7679788/pexels-photo-7679788.jpeg;https://images.pexels.com/photos/7679868/pexels-photo-7679868.jpeg;https://images.pexels.com/photos/7679682/pexels-photo-7679682.jpeg;;;Needs at least 3 images (fill imageURL1-3).
oafj4xj3kx63k9214kz982im;item;Sint-Annaplein brocante;Sunday brocante market.;second-hand, retro;Senne V.;flea_market;0;https://images.unsplash.com/photo-1701186280075-89b0e7b01b39?q=80&w=2340&auto=format&fit=crop&ixlib=rb-4.1.0&ixid=M3wxMjA3fDB8MHxwaG90by1wYWdlfHx8fGVufDB8fHx8fA%3D%3D;https://images.unsplash.com/photo-1701186279189-e9557f7fac6a?q=80&w=2340&auto=format&fit=crop&ixlib=rb-4.1.0&ixid=M3wxMjA3fDB8MHxwaG90by1wYWdlfHx8fGVufDB8fHx8fA%3D%3D;https://images.unsplash.com/photo-1652265540583-53aba291f509?q=80&w=2340&auto=format&fit=crop&ixlib=rb-4.1.0&ixid=M3wxMjA3fDB8MHxwaG90by1wYWdlfHx8fGVufDB8fHx8fA%3D%3D;;;Needs at least 3 images (fill imageURL1-3).
h0s2bi018vm9koaswm0gm63x;item;Think Twice;Curated retro and contemporary second-hand.;second-hand, retro, sustainable, kammenstraat;Senne V.;vintage_store;0;https://images.unsplash.com/photo-1619161519929-befcb28d6384?q=80&w=2348&auto=format&fit=crop&ixlib=rb-4.1.0&ixid=M3wxMjA3fDB8MHxwaG90by1wYWdlfHx8fGVufDB8fHx8fA%3D%3D;https://images.unsplash.com/photo-1614990354198-b06764dcb13c?q=80&w=2662&auto=format&fit=crop&ixlib=rb-4.1.0&ixid=M3wxMjA3fDB8MHxwaG90by1wYWdlfHx8fGVufDB8fHx8fA%3D%3D;https://images.unsplash.com/photo-1540221652346-e5dd6b50f3e7?q=80&w=2338&auto=format&fit=crop&ixlib=rb-4.1.0&ixid=M3wxMjA3fDB8MHxwaG90by1wYWdlfHx8fGVufDB8fHx8fA%3D%3D;;;Needs at least 3 images (fill imageURL1-3).
y1lcspisbteq0ko1bsgpkotb;item;Vintage Wool Overcoat;Tailored second-hand overcoat in charcoal.;archive, refined, second-hand;Senne V.;;0;https://images.unsplash.com/photo-1646562389619-1521a74d3c3b?q=80&w=987&auto=format&fit=crop&ixlib=rb-4.1.0&ixid=M3wxMjA3fDB8MHxwaG90by1wYWdlfHx8fGVufDB8fHx8fA%3D%3D;https://images.unsplash.com/photo-1646562390163-a089e0251e9c?q=80&w=987&auto=format&fit=crop&ixlib=rb-4.1.0&ixid=M3wxMjA3fDB8MHxwaG90by1wYWdlfHx8fGVufDB8fHx8fA%3D%3D;https://images.unsplash.com/photo-1646562390162-1060012ea2f3?q=80&w=987&auto=format&fit=crop&ixlib=rb-4.1.0&ixid=M3wxMjA3fDB8MHxwaG90by1wYWdlfHx8fGVufDB8fHx8fA%3D%3D;;;Needs at least 3 images (fill imageURL1-3).
hqndfroasdk6ilc36jv8vqe0;item;Vrijdagmarkt;Friday public auction market.;second-hand, retro;Senne V.;flea_market;0;https://images.unsplash.com/photo-1696058884521-d10f4e666741?q=80&w=987&auto=format&fit=crop&ixlib=rb-4.1.0&ixid=M3wxMjA3fDB8MHxwaG90by1wYWdlfHx8fGVufDB8fHx8fA%3D%3D;https://images.unsplash.com/photo-1743800531585-9cf5687609ae?q=80&w=987&auto=format&fit=crop&ixlib=rb-4.1.0&ixid=M3wxMjA3fDB8MHxwaG90by1wYWdlfHx8fGVufDB8fHx8fA%3D%3D;https://images.unsplash.com/photo-1659192661982-2fdd1a752c9b?q=80&w=987&auto=format&fit=crop&ixlib=rb-4.1.0&ixid=M3wxMjA3fDB8MHxwaG90by1wYWdlfHx8fGVufDB8fHx8fA%3D%3D;;;Needs at least 3 images (fill imageURL1-3).
y72io77y3t28rbhtcdcz4wa4;vibe;Curated Vintage & Era-Specific;Second-hand and decade-loyal pieces.;second-hand, retro, archive, kammenstraat;Senne V.;;0;;;;;;Optional for now (vibe) - team to decide treatment.
qxfokznapz31kpaiaxm61jeq;item;Ann Demeulemeester;"Antwerp Six designer; a dramatic all-black space.";antwerp-six, all-black, draped, gothic, belgian-fashion, het-zuid;Vincent D.;boutique;0;https://images.pexels.com/photos/5864249/pexels-photo-5864249.jpeg;https://images.pexels.com/photos/28769361/pexels-photo-28769361.jpeg;https://images.pexels.com/photos/31305113/pexels-photo-31305113.jpeg;;;Needs at least 3 images (fill imageURL1-3).
jiiaegr4i305io9x4y5tuu3h;item;Asymmetric Black Shirt;Draped cotton shirt with an asymmetric hem.;all-black, draped, androgynous;Vincent D.;;0;https://images.unsplash.com/photo-1621767601231-fd741655ab62?q=80&w=991&auto=format&fit=crop&ixlib=rb-4.1.0&ixid=M3wxMjA3fDB8MHxwaG90by1wYWdlfHx8fGVufDB8fHx8fA%3D%3D;https://images.unsplash.com/photo-1621767527601-9a5febf19e57?q=80&w=991&auto=format&fit=crop&ixlib=rb-4.1.0&ixid=M3wxMjA3fDB8MHxwaG90by1wYWdlfHx8fGVufDB8fHx8fA%3D%3D;https://images.unsplash.com/photo-1621767601208-c897ef85bb84?q=80&w=991&auto=format&fit=crop&ixlib=rb-4.1.0&ixid=M3wxMjA3fDB8MHxwaG90by1wYWdlfHx8fGVufDB8fHx8fA%3D%3D;;;Needs at least 3 images (fill imageURL1-3).
gvz5ksz2lyrbtxbjpkni7h71;item;Labels Inc.;"Designer consignment since 2002; Belgian and Japanese avant-garde.";archive, deconstructed, belgian-fashion, second-hand, nationalestraat;Vincent D.;consignment;0;https://images.pexels.com/photos/31305108/pexels-photo-31305108.jpeg;https://images.pexels.com/photos/1884584/pexels-photo-1884584.jpeg;https://images.pexels.com/photos/1884583/pexels-photo-1884583.jpeg;;;Needs at least 3 images (fill imageURL1-3).
wk5izh3p9h541wpqadrfw09x;item;Leather jacket;;vintage;Vincent D.;;0;https://images.unsplash.com/photo-1646300451176-f16171b2d03d?q=80&w=987&auto=format&fit=crop&ixlib=rb-4.1.0&ixid=M3wxMjA3fDB8MHxwaG90by1wYWdlfHx8fGVufDB8fHx8fA%3D%3D;https://images.unsplash.com/photo-1646300487473-e08ec57be6cd?q=80&w=987&auto=format&fit=crop&ixlib=rb-4.1.0&ixid=M3wxMjA3fDB8MHxwaG90by1wYWdlfHx8fGVufDB8fHx8fA%3D%3D;https://images.unsplash.com/photo-1731341869905-5ef9bcd272f1?q=80&w=2340&auto=format&fit=crop&ixlib=rb-4.1.0&ixid=M3wxMjA3fDB8MHxwaG90by1wYWdlfHx8fGVufDB8fHx8fA%3D%3D;;;Needs at least 3 images (fill imageURL1-3).
w38c089kcffjkf5ahpghc9es;item;MoMu (ModeNatie);Antwerp's fashion museum and shop.;antwerp-six, belgian-fashion, archive, nationalestraat;Vincent D.;museum;0;https://images.unsplash.com/photo-1695418390410-eb71c5c550df?q=80&w=2340&auto=format&fit=crop&ixlib=rb-4.1.0&ixid=M3wxMjA3fDB8MHxwaG90by1wYWdlfHx8fGVufDB8fHx8fA%3D%3D;https://images.unsplash.com/photo-1551084804-4b60b3c10f9e?q=80&w=2340&auto=format&fit=crop&ixlib=rb-4.1.0&ixid=M3wxMjA3fDB8MHxwaG90by1wYWdlfHx8fGVufDB8fHx8fA%3D%3D;https://images.unsplash.com/photo-1695418390347-a82090e69ed9?q=80&w=987&auto=format&fit=crop&ixlib=rb-4.1.0&ixid=M3wxMjA3fDB8MHxwaG90by1wYWdlfHx8fGVufDB8fHx8fA%3D%3D;;;Needs at least 3 images (fill imageURL1-3).
q0tl4l4jjuxo82cnycunajl7;item;Sint-Jansvliet vintage market;A monthly vintage market on the third Sunday showcasing local artisans and vintage finds.;vintage;Vincent D.;;0;https://images.unsplash.com/photo-1516382461343-35e1ba016e01?q=80&w=1974&auto=format&fit=crop&ixlib=rb-4.1.0&ixid=M3wxMjA3fDB8MHxwaG90by1wYWdlfHx8fGVufDB8fHx8fA%3D%3D;https://images.unsplash.com/photo-1685875018101-a3e87efdb1d1?q=80&w=2340&auto=format&fit=crop&ixlib=rb-4.1.0&ixid=M3wxMjA3fDB8MHxwaG90by1wYWdlfHx8fGVufDB8fHx8fA%3D%3D;https://images.unsplash.com/photo-1488841714725-bb4c32d1ac94?q=80&w=2260&auto=format&fit=crop&ixlib=rb-4.1.0&ixid=M3wxMjA3fDB8MHxwaG90by1wYWdlfHx8fGVufDB8fHx8fA%3D%3D;;;Needs at least 3 images (fill imageURL1-3).
szuo1omt1br5nv8hisrj2nxo;item;VANIITAS;Archive and runway pieces, Belgian and Japanese designers.;archive, deconstructed, 90s, belgian-fashion, nationalestraat;Vincent D.;vintage_store;0;https://images.unsplash.com/photo-1505149538339-f92450a5783c?q=80&w=2340&auto=format&fit=crop&ixlib=rb-4.1.0&ixid=M3wxMjA3fDB8MHxwaG90by1wYWdlfHx8fGVufDB8fHx8fA%3D%3D;https://images.unsplash.com/photo-1642417488088-0d8fbda60c8d?q=80&w=1335&auto=format&fit=crop&ixlib=rb-4.1.0&ixid=M3wxMjA3fDB8MHxwaG90by1wYWdlfHx8fGVufDB8fHx8fA%3D%3D;https://images.unsplash.com/photo-1529720317453-c8da503f2051?q=80&w=2340&auto=format&fit=crop&ixlib=rb-4.1.0&ixid=M3wxMjA3fDB8MHxwaG90by1wYWdlfHx8fGVufDB8fHx8fA%3D%3D;;;Needs at least 3 images (fill imageURL1-3).
u2kx58pdnc20loohr1c8rb0p;item;Verso;Curated mix of established and emerging designers.;belgian-fashion, refined, local-designer, nationalestraat;Vincent D.;concept_store;0;https://images.pexels.com/photos/24843384/pexels-photo-24843384.jpeg;https://images.pexels.com/photos/24843385/pexels-photo-24843385.jpeg;https://images.pexels.com/photos/24843381/pexels-photo-24843381.jpeg;;;Needs at least 3 images (fill imageURL1-3).
reyisgpmvhz32w71ei55hdsa;item;Vintage windbreaker;;vintage;Vincent D.;;0;https://images.unsplash.com/photo-1654535533816-d5f6e76dd3b0?q=80&w=987&auto=format&fit=crop&ixlib=rb-4.1.0&ixid=M3wxMjA3fDB8MHxwaG90by1wYWdlfHx8fGVufDB8fHx8fA%3D%3D;https://images.unsplash.com/photo-1654535508285-f0bf5899cc27?q=80&w=987&auto=format&fit=crop&ixlib=rb-4.1.0&ixid=M3wxMjA3fDB8MHxwaG90by1wYWdlfHx8fGVufDB8fHx8fA%3D%3D;https://images.unsplash.com/photo-1654535529840-ebf7260698f8?q=80&w=987&auto=format&fit=crop&ixlib=rb-4.1.0&ixid=M3wxMjA3fDB8MHxwaG90by1wYWdlfHx8fGVufDB8fHx8fA%3D%3D;;;Needs at least 3 images (fill imageURL1-3).
lbqt2l1qjyhyzdi7zcsb0scs;item;Walter Van Beirendonck;"Antwerp Six; bold, graphic, colourful menswear.";antwerp-six, graphic-print, playful, belgian-fashion, nationalestraat;Vincent D.;boutique;0;https://images.unsplash.com/photo-1647412981062-7f7c25e32e62?q=80&w=1925&auto=format&fit=crop&ixlib=rb-4.1.0&ixid=M3wxMjA3fDB8MHxwaG90by1wYWdlfHx8fGVufDB8fHx8fA%3D%3D;https://images.unsplash.com/photo-1647412983566-1957e341807c?q=80&w=2342&auto=format&fit=crop&ixlib=rb-4.1.0&ixid=M3wxMjA3fDB8MHxwaG90by1wYWdlfHx8fGVufDB8fHx8fA%3D%3D;https://images.unsplash.com/photo-1647412967394-ae696068b400?q=80&w=987&auto=format&fit=crop&ixlib=rb-4.1.0&ixid=M3wxMjA3fDB8MHxwaG90by1wYWdlfHx8fGVufDB8fHx8fA%3D%3D;;;Needs at least 3 images (fill imageURL1-3).
ka21s773pbjfkzycismjaqhg;moodboard;Actually cheap vintage jackets;;vintage, budget;Vincent D.;;0;;;;;;Optional for now (moodboard) - team to decide treatment.
sxc8etm0ab90ttu9j8md34w9;vibe;Dark Avant-Garde;Monochrome, deconstructed, architectural — the Antwerp Six legacy.;all-black, deconstructed, antwerp-six, gothic, belgian-fashion, nationalestraat;Vincent D.;;0;;;;;;Optional for now (vibe) - team to decide treatment.